start_time	end_time
1.344900e-01	1.538903e+02
